userID,Rating,review_date,hotel_ID
Sandip,10.0,January 31 2023,F1 Hotel Manila
Duane,10.0,October 21 2022,F1 Hotel Manila
Peter,10.0,August 21 2022,F1 Hotel Manila
Ma.,10.0,November 05 2022,F1 Hotel Manila
Lyra,10.0,January 09 2023,F1 Hotel Manila
Desiree,9.6,November 07 2022,F1 Hotel Manila
IRENE,10.0,December 29 2022,F1 Hotel Manila
Airees,10.0,February 02 2023,F1 Hotel Manila
vivien,10.0,December 19 2022,F1 Hotel Manila
Shien,9.6,November 16 2022,F1 Hotel Manila
SUSANA,10.0,January 12 2023,F1 Hotel Manila
EDUARDO,10.0,August 19 2022,F1 Hotel Manila
Michael,10.0,September 20 2022,F1 Hotel Manila
Dyan,10.0,October 09 2022,F1 Hotel Manila
Gabrielle,10.0,February 04 2023,F1 Hotel Manila
Melissa,10.0,June 24 2022,F1 Hotel Manila
Zander,10.0,January 02 2023,F1 Hotel Manila
Annalee,10.0,January 05 2023,F1 Hotel Manila
Maria,10.0,November 16 2022,F1 Hotel Manila
Baby,10.0,December 31 2022,F1 Hotel Manila
Mary,10.0,December 25 2022,Grand Hyatt Manila
Jain,9.6,November 10 2022,Grand Hyatt Manila
DELMA,10.0,September 01 2022,Grand Hyatt Manila
Heidi,10.0,January 03 2023,Grand Hyatt Manila
kim,10.0,December 11 2022,Grand Hyatt Manila
Jerah,10.0,August 18 2022,Grand Hyatt Manila
Maricor,10.0,December 25 2022,Grand Hyatt Manila
Harold,9.6,February 01 2023,Grand Hyatt Manila
K,10.0,December 13 2022,Grand Hyatt Manila
Eric,10.0,January 04 2021,Grand Hyatt Manila
Kathrina,10.0,February 26 2022,Grand Hyatt Manila
Maitanya,10.0,January 08 2023,Grand Hyatt Manila
Rochelle,10.0,July 17 2021,Grand Hyatt Manila
Romeliza,10.0,December 06 2022,Grand Hyatt Manila
William,10.0,November 03 2022,Grand Hyatt Manila
Irene,10.0,July 27 2022,Grand Hyatt Manila
Michelle,10.0,July 11 2021,Grand Hyatt Manila
Sarah,10.0,March 15 2022,Grand Hyatt Manila
Genevieve,10.0,January 03 2022,Grand Hyatt Manila
Melissa,10.0,January 12 2022,Grand Hyatt Manila
Jessa,10.0,January 30 2023,OYO 563 Mytown New York
Sean,10.0,April 05 2022,OYO 563 Mytown New York
Lane,10.0,December 22 2022,OYO 563 Mytown New York
Cristina,10.0,January 03 2023,OYO 563 Mytown New York
Tracy,10.0,April 11 2022,OYO 563 Mytown New York
Michelle,10.0,April 11 2022,OYO 563 Mytown New York
Michelle,10.0,January 09 2023,OYO 563 Mytown New York
Michelle,10.0,January 17 2023,OYO 563 Mytown New York
Charris,10.0,December 26 2020,OYO 563 Mytown New York
Joshua,10.0,January 23 2021,OYO 563 Mytown New York
JACKLYN,10.0,December 26 2020,OYO 563 Mytown New York
Dennis,9.2,January 23 2021,OYO 563 Mytown New York
Sharon,10.0,December 26 2020,OYO 563 Mytown New York
Rodgemae,10.0,January 23 2021,OYO 563 Mytown New York
Deesiree,10.0,August 31 2022,OYO 563 Mytown New York
Gayle,10.0,April 25 2022,OYO 563 Mytown New York
Rocky,10.0,April 27 2022,OYO 563 Mytown New York
Niellaurence,10.0,June 13 2022,OYO 563 Mytown New York
Jonathan,9.6,July 11 2022,OYO 563 Mytown New York
Vanessa,10.0,July 30 2022,OYO 563 Mytown New York
Cynthia,9.0,May 24 2023,NicePad near Venice Mall
Macaalin,10.0,May 03 2023,NicePad near Venice Mall
Maria,10.0,July 03 2022,Seda Bonifacio Global City
Andrea,10.0,July 12 2022,Seda Bonifacio Global City
Federico,10.0,August 08 2022,Seda Bonifacio Global City
Kenneth,10.0,January 06 2023,Seda Bonifacio Global City
Jhon,10.0,September 25 2022,Seda Bonifacio Global City
David,10.0,July 13 2022,Seda Bonifacio Global City
Sheena,10.0,July 21 2022,Seda Bonifacio Global City
Joseph,10.0,December 22 2022,Seda Bonifacio Global City
Michelle,10.0,September 02 2022,Seda Bonifacio Global City
Ridson,10.0,December 19 2022,Seda Bonifacio Global City
William,10.0,July 24 2022,Seda Bonifacio Global City
Mark,10.0,December 31 2022,Seda Bonifacio Global City
Reena,10.0,January 28 2023,Seda Bonifacio Global City
Kelly,10.0,May 02 2022,Seda Bonifacio Global City
Aimee,10.0,June 03 2022,Seda Bonifacio Global City
Edison,10.0,December 12 2022,Seda Bonifacio Global City
Ellaiza,10.0,December 29 2022,Seda Bonifacio Global City
Ritchie,10.0,November 10 2022,Seda Bonifacio Global City
Valerie,10.0,September 22 2022,Seda Bonifacio Global City
Marie,10.0,January 19 2023,Seda Bonifacio Global City
Jeremiah,10.0,January 14 2023,MySpace Hotel @BGC
Karmela,10.0,November 27 2022,MySpace Hotel @BGC
Jeffrey,10.0,January 25 2023,MySpace Hotel @BGC
Laarni,10.0,January 11 2023,MySpace Hotel @BGC
Charlene,10.0,January 25 2023,MySpace Hotel @BGC
Julie,10.0,July 19 2022,MySpace Hotel @BGC
Dulce,10.0,October 20 2022,MySpace Hotel @BGC
Juvylyn,10.0,November 22 2022,MySpace Hotel @BGC
Paolo,10.0,June 13 2022,MySpace Hotel @BGC
Rica,9.6,July 10 2022,MySpace Hotel @BGC
Emman,10.0,June 20 2022,MySpace Hotel @BGC
ELIZA,9.6,October 27 2022,MySpace Hotel @BGC
Horace,10.0,November 06 2022,MySpace Hotel @BGC
DAPHNE,9.6,December 20 2021,MySpace Hotel @BGC
anni,9.6,August 30 2022,MySpace Hotel @BGC
Jolina,9.2,October 15 2022,MySpace Hotel @BGC
Adam,10.0,November 14 2021,MySpace Hotel @BGC
Janel,10.0,August 07 2022,MySpace Hotel @BGC
Daniel,10.0,September 07 2022,MySpace Hotel @BGC
Siquijorian,10.0,November 15 2022,MySpace Hotel @BGC
Mariel,10.0,October 26 2022,The Residences at BCCT
JOENA,10.0,December 13 2022,The Residences at BCCT
Angelie,10.0,February 07 2023,The Residences at BCCT
Windfield,10.0,December 21 2022,The Residences at BCCT
Mi,10.0,November 18 2022,The Residences at BCCT
David,8.4,December 17 2022,The Residences at BCCT
Eric,6.8,October 18 2022,The Residences at BCCT
fanny,4.8,December 28 2022,The Residences at BCCT
Pablo,4.8,October 03 2022,The Residences at BCCT
Chrislyn,4.0,December 23 2022,The Residences at BCCT
MANUEL,4.0,December 13 2022,The Residences at BCCT
Eiffel,3.6,October 05 2022,The Residences at BCCT
Min,2.0,December 26 2022,The Residences at BCCT
Romina,10.0,July 20 2023,The Residences at BCCT
Romina,9.2,July 20 2023,The Residences at BCCT
Xavier,9.6,June 21 2023,The Residences at BCCT
Daniel,10.0,May 21 2023,The Residences at BCCT
Rai,8.0,May 12 2023,The Residences at BCCT
Anne,10.0,May 08 2023,The Residences at BCCT
Danny,8.8,May 07 2023,The Residences at BCCT
Jennie,10.0,November 16 2022,"Shangri-La The Fort, Manila"
Ivette,10.0,December 21 2022,"Shangri-La The Fort, Manila"
Nelson,10.0,January 10 2022,"Shangri-La The Fort, Manila"
Marice,10.0,November 15 2021,"Shangri-La The Fort, Manila"
Hazli,10.0,June 20 2022,"Shangri-La The Fort, Manila"
Maria,10.0,April 17 2022,"Shangri-La The Fort, Manila"
Christhoper,10.0,August 21 2022,"Shangri-La The Fort, Manila"
Francesco,10.0,November 14 2022,"Shangri-La The Fort, Manila"
Anonymous,10.0,October 21 2020,"Shangri-La The Fort, Manila"
Maria,10.0,July 02 2021,"Shangri-La The Fort, Manila"
Arni_b,10.0,January 04 2022,"Shangri-La The Fort, Manila"
Patricia,10.0,February 28 2022,"Shangri-La The Fort, Manila"
Ralph,10.0,January 26 2022,"Shangri-La The Fort, Manila"
Stefan,10.0,December 30 2022,"Shangri-La The Fort, Manila"
Owen,10.0,July 31 2022,"Shangri-La The Fort, Manila"
Gretchen,10.0,June 06 2022,"Shangri-La The Fort, Manila"
Rosebelle,10.0,August 28 2022,"Shangri-La The Fort, Manila"
George,10.0,November 09 2021,"Shangri-La The Fort, Manila"
Dexter,10.0,May 04 2022,"Shangri-La The Fort, Manila"
Cindy,10.0,January 15 2023,Ascott Bonifacio Global City Manila
Lea,10.0,January 08 2023,Ascott Bonifacio Global City Manila
Meng,10.0,May 11 2022,Ascott Bonifacio Global City Manila
Harold,9.6,February 01 2023,Ascott Bonifacio Global City Manila
Sheryl,10.0,January 01 2023,Ascott Bonifacio Global City Manila
Irene,10.0,January 17 2023,Ascott Bonifacio Global City Manila
Albie,10.0,September 19 2022,Ascott Bonifacio Global City Manila
OLIVE,10.0,January 20 2023,Ascott Bonifacio Global City Manila
Annabelle,10.0,January 08 2023,Ascott Bonifacio Global City Manila
Mary,10.0,February 04 2023,Ascott Bonifacio Global City Manila
CHERISSE,10.0,December 16 2022,Ascott Bonifacio Global City Manila
Zarah,10.0,June 25 2022,Ascott Bonifacio Global City Manila
Marie,10.0,January 28 2023,Ascott Bonifacio Global City Manila
Mensielito,10.0,July 10 2022,Ascott Bonifacio Global City Manila
Eun,10.0,January 12 2023,Ascott Bonifacio Global City Manila
Cessa,10.0,December 14 2022,Ascott Bonifacio Global City Manila
de,10.0,April 18 2022,Ascott Bonifacio Global City Manila
GAILEEN,10.0,November 13 2022,Ascott Bonifacio Global City Manila
Carmel,10.0,December 30 2021,Ascott Bonifacio Global City Manila
mary,10.0,November 02 2022,Ascott Bonifacio Global City Manila
Darlenne,10.0,September 04 2022,airobedz - near BGC
Bienvenido,10.0,September 20 2022,airobedz - near BGC
Dennis,9.6,July 30 2022,airobedz - near BGC
Moneychiwa,10.0,December 26 2022,airobedz - near BGC
Jaino,9.6,October 19 2022,airobedz - near BGC
Barbara,10.0,August 13 2022,airobedz - near BGC
Sanny,10.0,November 16 2022,airobedz - near BGC
Ella,10.0,December 22 2022,airobedz - near BGC
Lynnel,10.0,June 15 2022,airobedz - near BGC
Ronald,10.0,November 11 2022,airobedz - near BGC
Jasper,9.6,November 18 2022,airobedz - near BGC
may,10.0,February 01 2023,airobedz - near BGC
Pinkz,10.0,May 26 2022,airobedz - near BGC
Kevan,9.2,December 10 2022,airobedz - near BGC
lei,10.0,November 15 2022,airobedz - near BGC
Phillip,10.0,January 22 2023,airobedz - near BGC
Kate,10.0,February 01 2023,airobedz - near BGC
Pacita,10.0,June 07 2022,airobedz - near BGC
Joanna,10.0,January 09 2023,airobedz - near BGC
Jessica,10.0,October 22 2022,airobedz - near BGC
Sandip,10.0,January 31 2023,F1 Hotel Manila
Duane,10.0,October 21 2022,F1 Hotel Manila
Peter,10.0,August 21 2022,F1 Hotel Manila
Ma.,10.0,November 05 2022,F1 Hotel Manila
Lyra,10.0,January 09 2023,F1 Hotel Manila
Desiree,9.6,November 07 2022,F1 Hotel Manila
IRENE,10.0,December 29 2022,F1 Hotel Manila
Airees,10.0,February 02 2023,F1 Hotel Manila
vivien,10.0,December 19 2022,F1 Hotel Manila
Shien,9.6,November 16 2022,F1 Hotel Manila
SUSANA,10.0,January 12 2023,F1 Hotel Manila
EDUARDO,10.0,August 19 2022,F1 Hotel Manila
Michael,10.0,September 20 2022,F1 Hotel Manila
Dyan,10.0,October 09 2022,F1 Hotel Manila
Gabrielle,10.0,February 04 2023,F1 Hotel Manila
Melissa,10.0,June 24 2022,F1 Hotel Manila
Zander,10.0,January 02 2023,F1 Hotel Manila
Annalee,10.0,January 05 2023,F1 Hotel Manila
Maria,10.0,November 16 2022,F1 Hotel Manila
Baby,10.0,December 31 2022,F1 Hotel Manila
Rica,10.0,October 31 2022,RedDoorz Plus @ d'Builders Poblacion - BGC
Kurt,9.6,July 23 2022,RedDoorz Plus @ d'Builders Poblacion - BGC
amanda,10.0,December 07 2022,RedDoorz Plus @ d'Builders Poblacion - BGC
Melanie,9.2,October 04 2022,RedDoorz Plus @ d'Builders Poblacion - BGC
Christian,9.6,September 30 2022,RedDoorz Plus @ d'Builders Poblacion - BGC
Rizalina,9.2,November 20 2022,RedDoorz Plus @ d'Builders Poblacion - BGC
Hannah,10.0,September 01 2022,RedDoorz Plus @ d'Builders Poblacion - BGC
WYETH,9.2,August 01 2022,RedDoorz Plus @ d'Builders Poblacion - BGC
Liezl,8.8,November 23 2022,RedDoorz Plus @ d'Builders Poblacion - BGC
Jean-Noel,7.6,February 02 2023,RedDoorz Plus @ d'Builders Poblacion - BGC
Billy,7.6,January 06 2023,RedDoorz Plus @ d'Builders Poblacion - BGC
Reginaldo,7.6,January 13 2023,RedDoorz Plus @ d'Builders Poblacion - BGC
Lhanie,6.0,November 21 2022,RedDoorz Plus @ d'Builders Poblacion - BGC
Anne,6.0,January 02 2023,RedDoorz Plus @ d'Builders Poblacion - BGC
Reynaldo,5.6,December 03 2022,RedDoorz Plus @ d'Builders Poblacion - BGC
Johanna,5.2,October 24 2022,RedDoorz Plus @ d'Builders Poblacion - BGC
Patria,5.2,November 27 2022,RedDoorz Plus @ d'Builders Poblacion - BGC
Den,5.2,November 03 2022,RedDoorz Plus @ d'Builders Poblacion - BGC
Erika,6.8,July 15 2023,RedDoorz Plus @ d'Builders Poblacion - BGC
Lew,4.8,July 10 2023,RedDoorz Plus @ d'Builders Poblacion - BGC
Ryota,9.2,July 21 2023,Brittany Hotel BGC
Elaine,10.0,July 20 2023,Brittany Hotel BGC
Keiichi,9.6,July 17 2023,Brittany Hotel BGC
ELIZABETH,9.6,June 27 2023,Brittany Hotel BGC
LENIE,10.0,June 26 2023,Brittany Hotel BGC
Julius,8.0,June 26 2023,Brittany Hotel BGC
Azela,9.6,June 25 2023,Brittany Hotel BGC
Bethel,4.8,June 23 2023,Brittany Hotel BGC
Erlinda,10.0,June 15 2023,Brittany Hotel BGC
Anyana,8.0,June 12 2023,Brittany Hotel BGC
Kenneth,9.6,June 05 2023,Brittany Hotel BGC
Rosanno,10.0,June 04 2023,Brittany Hotel BGC
Angelica,10.0,June 04 2023,Brittany Hotel BGC
Jorrell,8.4,June 04 2023,Brittany Hotel BGC
Bernadeth,10.0,June 03 2023,Brittany Hotel BGC
SAEE,10.0,June 01 2023,Brittany Hotel BGC
Neli,7.6,May 30 2023,Brittany Hotel BGC
CONGLIN,10.0,May 29 2023,Brittany Hotel BGC
Jesse,8.8,May 26 2023,Brittany Hotel BGC
Ruby,9.6,May 22 2023,Brittany Hotel BGC
Anwar,9.6,November 11 2022,RedDoorz @ DBuilders Rooms Ph1 Taguig
Hiezel,10.0,October 22 2022,RedDoorz @ DBuilders Rooms Ph1 Taguig
karakrissa,10.0,January 04 2023,RedDoorz @ DBuilders Rooms Ph1 Taguig
Jamie,9.6,June 26 2022,RedDoorz @ DBuilders Rooms Ph1 Taguig
Jefferson,10.0,November 28 2022,RedDoorz @ DBuilders Rooms Ph1 Taguig
Maria,10.0,December 11 2021,RedDoorz @ DBuilders Rooms Ph1 Taguig
Joshua,9.2,October 28 2022,RedDoorz @ DBuilders Rooms Ph1 Taguig
Luis,10.0,April 03 2022,RedDoorz @ DBuilders Rooms Ph1 Taguig
Catherine,9.2,June 05 2022,RedDoorz @ DBuilders Rooms Ph1 Taguig
Dianne,10.0,October 25 2022,RedDoorz @ DBuilders Rooms Ph1 Taguig
CHRIS,10.0,July 17 2022,RedDoorz @ DBuilders Rooms Ph1 Taguig
Maria,9.6,March 14 2022,RedDoorz @ DBuilders Rooms Ph1 Taguig
Ruth,9.6,August 26 2022,RedDoorz @ DBuilders Rooms Ph1 Taguig
Jonalyn,9.6,September 15 2022,RedDoorz @ DBuilders Rooms Ph1 Taguig
Carol-Ann,8.4,November 14 2022,RedDoorz @ DBuilders Rooms Ph1 Taguig
Franco,8.8,August 20 2022,RedDoorz @ DBuilders Rooms Ph1 Taguig
Joshua,8.4,November 11 2022,RedDoorz @ DBuilders Rooms Ph1 Taguig
Karen,8.8,December 08 2020,RedDoorz @ DBuilders Rooms Ph1 Taguig
Criszle,8.4,June 06 2022,RedDoorz @ DBuilders Rooms Ph1 Taguig
Pi,8.8,April 22 2022,RedDoorz @ DBuilders Rooms Ph1 Taguig
Jessa,10.0,January 30 2023,OYO 563 Mytown New York
Sean,10.0,April 05 2022,OYO 563 Mytown New York
Lane,10.0,December 22 2022,OYO 563 Mytown New York
Cristina,10.0,January 03 2023,OYO 563 Mytown New York
Tracy,10.0,April 11 2022,OYO 563 Mytown New York
Michelle,10.0,April 11 2022,OYO 563 Mytown New York
Michelle,10.0,January 09 2023,OYO 563 Mytown New York
Michelle,10.0,January 17 2023,OYO 563 Mytown New York
Charris,10.0,December 26 2020,OYO 563 Mytown New York
Joshua,10.0,January 23 2021,OYO 563 Mytown New York
JACKLYN,10.0,December 26 2020,OYO 563 Mytown New York
Dennis,9.2,January 23 2021,OYO 563 Mytown New York
Sharon,10.0,December 26 2020,OYO 563 Mytown New York
Rodgemae,10.0,January 23 2021,OYO 563 Mytown New York
Deesiree,10.0,August 31 2022,OYO 563 Mytown New York
Gayle,10.0,April 25 2022,OYO 563 Mytown New York
Rocky,10.0,April 27 2022,OYO 563 Mytown New York
Niellaurence,10.0,June 13 2022,OYO 563 Mytown New York
Jonathan,9.6,July 11 2022,OYO 563 Mytown New York
Vanessa,10.0,July 30 2022,OYO 563 Mytown New York
Audrey,9.6,January 30 2023,City Park Hotel Manila
Andrea,10.0,May 10 2022,City Park Hotel Manila
mary,10.0,December 23 2022,City Park Hotel Manila
Jose,10.0,October 17 2022,City Park Hotel Manila
Maygilee,10.0,December 06 2022,City Park Hotel Manila
Keavy,10.0,August 29 2022,City Park Hotel Manila
Julius,10.0,January 03 2023,City Park Hotel Manila
Glendalynne,10.0,November 28 2022,City Park Hotel Manila
shiena,10.0,February 16 2021,City Park Hotel Manila
Patricia,10.0,September 03 2021,City Park Hotel Manila
Jamica,10.0,August 18 2022,City Park Hotel Manila
Ma,10.0,March 22 2021,City Park Hotel Manila
Rodney,10.0,September 03 2021,City Park Hotel Manila
Filmabelle,10.0,November 02 2022,City Park Hotel Manila
Katrina,10.0,August 06 2022,City Park Hotel Manila
Roy,10.0,November 26 2022,City Park Hotel Manila
Eliza,10.0,October 09 2022,City Park Hotel Manila
Tatiana,10.0,July 08 2022,City Park Hotel Manila
Maria,10.0,June 11 2022,City Park Hotel Manila
MOHAMMED,10.0,June 14 2022,City Park Hotel Manila
GRAHAM,10.0,November 15 2022,Capital O 804 The Residences at Bonifacio Civic Center
Jennifer,10.0,August 29 2022,Capital O 804 The Residences at Bonifacio Civic Center
donald,9.2,January 31 2023,Capital O 804 The Residences at Bonifacio Civic Center
Mariecel,9.6,September 23 2022,Capital O 804 The Residences at Bonifacio Civic Center
Mel,10.0,June 26 2022,Capital O 804 The Residences at Bonifacio Civic Center
Ana,9.6,July 25 2022,Capital O 804 The Residences at Bonifacio Civic Center
Maria,9.6,January 01 2023,Capital O 804 The Residences at Bonifacio Civic Center
Ranel,9.2,June 21 2022,Capital O 804 The Residences at Bonifacio Civic Center
norae,8.8,October 18 2022,Capital O 804 The Residences at Bonifacio Civic Center
Bharath,8.4,July 01 2022,Capital O 804 The Residences at Bonifacio Civic Center
Maria,8.4,July 01 2022,Capital O 804 The Residences at Bonifacio Civic Center
Grace,8.0,October 23 2022,Capital O 804 The Residences at Bonifacio Civic Center
donald,7.6,July 18 2022,Capital O 804 The Residences at Bonifacio Civic Center
Diane,6.8,June 11 2022,Capital O 804 The Residences at Bonifacio Civic Center
JINSAM,7.6,October 03 2022,Capital O 804 The Residences at Bonifacio Civic Center
Rogelio,6.4,August 08 2022,Capital O 804 The Residences at Bonifacio Civic Center
Stephen,4.4,November 16 2022,Capital O 804 The Residences at Bonifacio Civic Center
Misa,4.0,May 15 2022,Capital O 804 The Residences at Bonifacio Civic Center
Grace,4.4,August 17 2022,Capital O 804 The Residences at Bonifacio Civic Center
Maryanne,3.2,May 23 2022,Capital O 804 The Residences at Bonifacio Civic Center
Jenny,10.0,December 11 2022,airobedz McKinley
Roselle,10.0,November 23 2022,airobedz McKinley
Alexandra,10.0,October 26 2022,airobedz McKinley
Eunice,9.6,January 26 2023,airobedz McKinley
Martina,10.0,August 14 2022,airobedz McKinley
Monterrey,9.6,January 03 2023,airobedz McKinley
Karisse,10.0,December 29 2022,airobedz McKinley
Jona,9.6,November 12 2022,airobedz McKinley
Genevieve,10.0,November 22 2022,airobedz McKinley
Louie,10.0,October 23 2022,airobedz McKinley
Jovic,10.0,December 20 2022,airobedz McKinley
Ruth,10.0,September 28 2022,airobedz McKinley
Erma,10.0,November 18 2022,airobedz McKinley
Lhanie,10.0,November 19 2022,airobedz McKinley
catherine,9.6,August 01 2022,airobedz McKinley
Mary,10.0,January 14 2023,airobedz McKinley
Mark,10.0,August 11 2022,airobedz McKinley
Darcy,9.2,January 22 2023,airobedz McKinley
Jiah,9.6,August 18 2022,airobedz McKinley
Stephen,10.0,December 30 2022,airobedz McKinley
Marielle,9.6,July 22 2023,Espacio Hotel
Camille,10.0,July 20 2023,Espacio Hotel
Maria,9.6,July 13 2023,Espacio Hotel
IMELIN,10.0,July 11 2023,Espacio Hotel
Rochel,10.0,July 03 2023,Espacio Hotel
Christian,10.0,June 24 2023,Espacio Hotel
Marci,10.0,June 18 2023,Espacio Hotel
Caroline,8.8,June 15 2023,Espacio Hotel
alfredo,9.6,May 30 2023,Espacio Hotel
CHARLES,7.2,May 29 2023,Espacio Hotel
Joselito,8.8,May 26 2023,Espacio Hotel
Sheila,10.0,May 21 2023,Espacio Hotel
Mark,4.8,May 20 2023,Espacio Hotel
David,9.6,May 20 2023,Espacio Hotel
rubylyn,9.2,May 18 2023,Espacio Hotel
David,9.6,May 14 2023,Espacio Hotel
Joan,7.2,May 12 2023,Espacio Hotel
Mark,9.2,April 02 2023,Espacio Hotel
wu,9.6,March 22 2023,Espacio Hotel
lady,10.0,February 14 2023,Espacio Hotel
Maria,10.0,July 03 2022,Seda Bonifacio Global City
Andrea,10.0,July 12 2022,Seda Bonifacio Global City
Federico,10.0,August 08 2022,Seda Bonifacio Global City
Kenneth,10.0,January 06 2023,Seda Bonifacio Global City
Jhon,10.0,September 25 2022,Seda Bonifacio Global City
David,10.0,July 13 2022,Seda Bonifacio Global City
Sheena,10.0,July 21 2022,Seda Bonifacio Global City
Joseph,10.0,December 22 2022,Seda Bonifacio Global City
Michelle,10.0,September 02 2022,Seda Bonifacio Global City
Ridson,10.0,December 19 2022,Seda Bonifacio Global City
William,10.0,July 24 2022,Seda Bonifacio Global City
Mark,10.0,December 31 2022,Seda Bonifacio Global City
Reena,10.0,January 28 2023,Seda Bonifacio Global City
Kelly,10.0,May 02 2022,Seda Bonifacio Global City
Aimee,10.0,June 03 2022,Seda Bonifacio Global City
Edison,10.0,December 12 2022,Seda Bonifacio Global City
Ellaiza,10.0,December 29 2022,Seda Bonifacio Global City
Ritchie,10.0,November 10 2022,Seda Bonifacio Global City
Valerie,10.0,September 22 2022,Seda Bonifacio Global City
Marie,10.0,January 19 2023,Seda Bonifacio Global City
Sheila,10.0,December 24 2022,mySTAY Hotel BGC West
Jehan,10.0,January 01 2023,mySTAY Hotel BGC West
D'art,10.0,February 05 2023,mySTAY Hotel BGC West
Ericka,10.0,February 09 2023,mySTAY Hotel BGC West
Tizara,10.0,January 21 2023,mySTAY Hotel BGC West
Maria,10.0,January 23 2023,mySTAY Hotel BGC West
Tizara,10.0,December 28 2022,mySTAY Hotel BGC West
Loriean,10.0,January 01 2023,mySTAY Hotel BGC West
Karmela,10.0,December 17 2022,mySTAY Hotel BGC West
Loriean,10.0,December 19 2022,mySTAY Hotel BGC West
James,8.8,January 04 2023,mySTAY Hotel BGC West
Donnabelle,8.8,January 05 2023,mySTAY Hotel BGC West
Jinel,7.6,December 17 2022,mySTAY Hotel BGC West
Lyka,8.4,December 19 2022,mySTAY Hotel BGC West
Larren,7.6,December 27 2022,mySTAY Hotel BGC West
Camille,8.8,January 01 2023,mySTAY Hotel BGC West
Paula,6.8,January 08 2023,mySTAY Hotel BGC West
Dada,4.0,January 10 2023,mySTAY Hotel BGC West
Emz,8.8,December 27 2022,mySTAY Hotel BGC West
Juji,8.8,January 01 2023,mySTAY Hotel BGC West
Aaron,10.0,April 17 2022,RedDoorz at DBuilders Rooms Lower Bicutan
Gennie,10.0,December 14 2022,RedDoorz at DBuilders Rooms Lower Bicutan
cristel,9.6,October 23 2022,RedDoorz at DBuilders Rooms Lower Bicutan
Princess,10.0,February 13 2020,RedDoorz at DBuilders Rooms Lower Bicutan
Gennie,10.0,December 11 2022,RedDoorz at DBuilders Rooms Lower Bicutan
Jeikee,8.4,May 30 2022,RedDoorz at DBuilders Rooms Lower Bicutan
Meynard,10.0,January 28 2022,RedDoorz at DBuilders Rooms Lower Bicutan
Armidab,8.4,May 26 2022,RedDoorz at DBuilders Rooms Lower Bicutan
Rhoebe,8.4,February 26 2022,RedDoorz at DBuilders Rooms Lower Bicutan
Lawrence,7.6,May 04 2022,RedDoorz at DBuilders Rooms Lower Bicutan
Lawrence,7.6,May 04 2022,RedDoorz at DBuilders Rooms Lower Bicutan
Lawrence,7.2,May 04 2022,RedDoorz at DBuilders Rooms Lower Bicutan
Tim,5.6,February 04 2023,RedDoorz at DBuilders Rooms Lower Bicutan
Juno,6.4,June 05 2022,RedDoorz at DBuilders Rooms Lower Bicutan
Marven,5.6,November 19 2022,RedDoorz at DBuilders Rooms Lower Bicutan
Edrian,5.2,October 30 2022,RedDoorz at DBuilders Rooms Lower Bicutan
Jaclyn,4.8,December 05 2022,RedDoorz at DBuilders Rooms Lower Bicutan
Inocencio,5.2,February 01 2022,RedDoorz at DBuilders Rooms Lower Bicutan
Van,4.4,October 17 2022,RedDoorz at DBuilders Rooms Lower Bicutan
Mariz,3.2,June 08 2022,RedDoorz at DBuilders Rooms Lower Bicutan
Maria,10.0,January 28 2023,RedDoorz @ DBuilders Rooms Ph2 Taguig
Kenneth,9.6,November 07 2020,RedDoorz @ DBuilders Rooms Ph2 Taguig
Kenneth,9.6,November 15 2020,RedDoorz @ DBuilders Rooms Ph2 Taguig
Jasmin,9.6,November 12 2022,RedDoorz @ DBuilders Rooms Ph2 Taguig
Shan,6.4,May 25 2021,RedDoorz @ DBuilders Rooms Ph2 Taguig
karissma,6.4,March 20 2022,RedDoorz @ DBuilders Rooms Ph2 Taguig
Francis,5.6,April 13 2021,RedDoorz @ DBuilders Rooms Ph2 Taguig
Rodessa,4.0,December 26 2022,RedDoorz @ DBuilders Rooms Ph2 Taguig
Emil,3.6,May 24 2022,RedDoorz @ DBuilders Rooms Ph2 Taguig
Marvin,2.4,December 28 2020,RedDoorz @ DBuilders Rooms Ph2 Taguig
SevScribe,2.0,January 03 2023,RedDoorz @ DBuilders Rooms Ph2 Taguig
Jose,2.0,December 07 2022,RedDoorz @ DBuilders Rooms Ph2 Taguig
Greg,2.0,October 18 2022,RedDoorz @ DBuilders Rooms Ph2 Taguig
sherdan,2.0,December 08 2020,RedDoorz @ DBuilders Rooms Ph2 Taguig
Brian,9.2,June 22 2023,RedDoorz @ DBuilders Rooms Ph2 Taguig
Johnson,8.4,April 07 2023,RedDoorz @ DBuilders Rooms Ph2 Taguig
Michael,2.0,March 26 2023,RedDoorz @ DBuilders Rooms Ph2 Taguig
IamDavidave,10.0,March 01 2023,RedDoorz @ DBuilders Rooms Ph2 Taguig
Atal,10.0,July 05 2023,RedDoorz @ DBuilders Rooms Ph2 Taguig
Jorge,10.0,July 08 2022,RedDoorz near Mercado del Lago
kymille,10.0,November 16 2022,RedDoorz near Mercado del Lago
Darren,6.4,November 03 2022,RedDoorz near Mercado del Lago
Darren,5.6,January 15 2023,RedDoorz near Mercado del Lago
Darren,5.2,January 17 2023,RedDoorz near Mercado del Lago
Darren,4.8,January 17 2023,RedDoorz near Mercado del Lago
Darren,5.6,August 01 2022,RedDoorz near Mercado del Lago
Darren,5.6,August 02 2022,RedDoorz near Mercado del Lago
Wolfgang,4.8,December 08 2022,RedDoorz near Mercado del Lago
Darren,5.2,August 02 2022,RedDoorz near Mercado del Lago
Mae,4.8,June 01 2022,RedDoorz near Mercado del Lago
Aldrin,3.6,July 07 2023,RedDoorz near Mercado del Lago
Claudine,8.4,June 26 2023,RedDoorz near Mercado del Lago
Aiza,7.2,June 23 2023,RedDoorz near Mercado del Lago
Patricia,2.0,June 22 2023,RedDoorz near Mercado del Lago
Carla,8.4,May 31 2023,RedDoorz near Mercado del Lago
Ann,4.8,May 30 2023,RedDoorz near Mercado del Lago
Josie,7.2,May 29 2023,RedDoorz near Mercado del Lago
nefele,10.0,May 22 2023,RedDoorz near Mercado del Lago
Darren,6.4,May 21 2023,RedDoorz near Mercado del Lago
Jeremiah,10.0,January 14 2023,MySpace Hotel @BGC
Karmela,10.0,November 27 2022,MySpace Hotel @BGC
Jeffrey,10.0,January 25 2023,MySpace Hotel @BGC
Laarni,10.0,January 11 2023,MySpace Hotel @BGC
Charlene,10.0,January 25 2023,MySpace Hotel @BGC
Julie,10.0,July 19 2022,MySpace Hotel @BGC
Dulce,10.0,October 20 2022,MySpace Hotel @BGC
Juvylyn,10.0,November 22 2022,MySpace Hotel @BGC
Paolo,10.0,June 13 2022,MySpace Hotel @BGC
Rica,9.6,July 10 2022,MySpace Hotel @BGC
Emman,10.0,June 20 2022,MySpace Hotel @BGC
ELIZA,9.6,October 27 2022,MySpace Hotel @BGC
Horace,10.0,November 06 2022,MySpace Hotel @BGC
DAPHNE,9.6,December 20 2021,MySpace Hotel @BGC
anni,9.6,August 30 2022,MySpace Hotel @BGC
Jolina,9.2,October 15 2022,MySpace Hotel @BGC
Adam,10.0,November 14 2021,MySpace Hotel @BGC
Janel,10.0,August 07 2022,MySpace Hotel @BGC
Daniel,10.0,September 07 2022,MySpace Hotel @BGC
Siquijorian,10.0,November 15 2022,MySpace Hotel @BGC
Lyza,10.0,January 25 2023,RedDoorz @ A&F C5 Pinagsama Taguig - Vaccinated Staff
Juliana,10.0,June 10 2022,RedDoorz @ A&F C5 Pinagsama Taguig - Vaccinated Staff
Daryl,10.0,May 17 2021,RedDoorz @ A&F C5 Pinagsama Taguig - Vaccinated Staff
Karl,10.0,November 23 2021,RedDoorz @ A&F C5 Pinagsama Taguig - Vaccinated Staff
Dino,10.0,July 11 2020,RedDoorz @ A&F C5 Pinagsama Taguig - Vaccinated Staff
Rey,9.6,December 30 2021,RedDoorz @ A&F C5 Pinagsama Taguig - Vaccinated Staff
Kenneth,9.6,November 07 2020,RedDoorz @ A&F C5 Pinagsama Taguig - Vaccinated Staff
Ross,8.8,June 30 2021,RedDoorz @ A&F C5 Pinagsama Taguig - Vaccinated Staff
Joyce,8.8,January 29 2020,RedDoorz @ A&F C5 Pinagsama Taguig - Vaccinated Staff
Glaiza,8.0,September 21 2021,RedDoorz @ A&F C5 Pinagsama Taguig - Vaccinated Staff
Jovel,8.4,June 23 2021,RedDoorz @ A&F C5 Pinagsama Taguig - Vaccinated Staff
Brian,7.2,February 26 2022,RedDoorz @ A&F C5 Pinagsama Taguig - Vaccinated Staff
Nicole,5.2,January 23 2022,RedDoorz @ A&F C5 Pinagsama Taguig - Vaccinated Staff
Andrew,6.0,February 08 2022,RedDoorz @ A&F C5 Pinagsama Taguig - Vaccinated Staff
Leslei,4.4,September 19 2022,RedDoorz @ A&F C5 Pinagsama Taguig - Vaccinated Staff
Fahad,2.8,December 05 2022,RedDoorz @ A&F C5 Pinagsama Taguig - Vaccinated Staff
FRANNIE,4.0,February 23 2020,RedDoorz @ A&F C5 Pinagsama Taguig - Vaccinated Staff
Marie,3.6,December 28 2020,RedDoorz @ A&F C5 Pinagsama Taguig - Vaccinated Staff
Lolita,2.4,June 11 2022,RedDoorz @ A&F C5 Pinagsama Taguig - Vaccinated Staff
Barbie,2.0,January 31 2020,RedDoorz @ A&F C5 Pinagsama Taguig - Vaccinated Staff
Chendra,9.2,February 12 2019,OYO 128 d'Builders Rooms Phase 2
Irene,8.8,February 26 2019,OYO 128 d'Builders Rooms Phase 2
Jeric,10.0,February 26 2019,OYO 128 d'Builders Rooms Phase 2
Pascal,8.8,March 02 2019,OYO 128 d'Builders Rooms Phase 2
M,10.0,July 09 2019,OYO 128 d'Builders Rooms Phase 2
Ruth,8.4,July 10 2019,OYO 128 d'Builders Rooms Phase 2
naveen,10.0,August 09 2019,OYO 128 d'Builders Rooms Phase 2
Shawn,6.8,February 23 2019,OYO 128 d'Builders Rooms Phase 2
Markus,7.6,February 26 2019,OYO 128 d'Builders Rooms Phase 2
Thirdy,10.0,September 12 2019,OYO 128 d'Builders Rooms Phase 2
Katrina,6.8,January 24 2019,OYO 128 d'Builders Rooms Phase 2
Sandeep,10.0,February 26 2019,OYO 128 d'Builders Rooms Phase 2
pharon,6.4,January 27 2019,OYO 128 d'Builders Rooms Phase 2
Carlo,8.4,February 26 2019,OYO 128 d'Builders Rooms Phase 2
Markus,8.4,July 25 2019,OYO 128 d'Builders Rooms Phase 2
Chris,5.6,July 27 2019,OYO 128 d'Builders Rooms Phase 2
Bardia,2.0,March 10 2019,OYO 128 d'Builders Rooms Phase 2
Cathrina,7.6,March 11 2019,OYO 128 d'Builders Rooms Phase 2
Nerina,3.2,October 11 2019,OYO 128 d'Builders Rooms Phase 2
Feng,9.6,January 24 2019,OYO 128 d'Builders Rooms Phase 2
Eden,10.0,January 02 2023,Avant Serviced Suites - Personal Concierge
Christopher,10.0,December 25 2022,Avant Serviced Suites - Personal Concierge
Kevin,10.0,January 22 2022,Avant Serviced Suites - Personal Concierge
Cherrie,10.0,November 22 2022,Avant Serviced Suites - Personal Concierge
Fatima,10.0,November 07 2021,Avant Serviced Suites - Personal Concierge
Daryl,10.0,July 11 2021,Avant Serviced Suites - Personal Concierge
Noriel,10.0,December 04 2022,Avant Serviced Suites - Personal Concierge
Cheena,9.6,August 27 2022,Avant Serviced Suites - Personal Concierge
Liezl,10.0,April 28 2022,Avant Serviced Suites - Personal Concierge
Carren,9.6,December 02 2022,Avant Serviced Suites - Personal Concierge
Katrina,10.0,December 10 2022,Avant Serviced Suites - Personal Concierge
Carmi,10.0,December 22 2020,Avant Serviced Suites - Personal Concierge
Bai,9.6,May 26 2022,Avant Serviced Suites - Personal Concierge
Ma,10.0,May 28 2021,Avant Serviced Suites - Personal Concierge
Evangeline,10.0,September 04 2022,Avant Serviced Suites - Personal Concierge
Gaylyn,10.0,March 31 2021,Avant Serviced Suites - Personal Concierge
Carmela,10.0,December 10 2020,Avant Serviced Suites - Personal Concierge
Gia,9.6,February 15 2021,Avant Serviced Suites - Personal Concierge
Joseph,9.6,September 24 2022,Avant Serviced Suites - Personal Concierge
Harry,10.0,September 22 2022,Avant Serviced Suites - Personal Concierge
Sheena,9.6,January 01 2023,MySpace Hotel @Comembo
jackie,8.4,November 21 2022,MySpace Hotel @Comembo
Clarissa,8.0,December 20 2022,MySpace Hotel @Comembo
RO-AN,8.0,December 27 2022,MySpace Hotel @Comembo
Mark,10.0,July 20 2023,MySpace Hotel @Comembo
lovinnn,8.4,July 01 2023,MySpace Hotel @Comembo
Nerissa,8.8,June 29 2023,MySpace Hotel @Comembo
Michelle,10.0,June 25 2023,MySpace Hotel @Comembo
Kass,9.2,June 22 2023,MySpace Hotel @Comembo
ABHIROOP,10.0,June 20 2023,MySpace Hotel @Comembo
Jamicha,10.0,June 11 2023,MySpace Hotel @Comembo
HAZEL,9.6,June 08 2023,MySpace Hotel @Comembo
Pau,8.4,May 31 2023,MySpace Hotel @Comembo
Marilyn,9.6,May 30 2023,MySpace Hotel @Comembo
Maisie,10.0,May 27 2023,MySpace Hotel @Comembo
Angie,10.0,May 12 2023,MySpace Hotel @Comembo
Vilma,9.2,May 11 2023,MySpace Hotel @Comembo
Noriza,10.0,May 09 2023,MySpace Hotel @Comembo
Aldrin,10.0,May 05 2023,MySpace Hotel @Comembo
Aldrin,10.0,May 05 2023,MySpace Hotel @Comembo
Renz,7.6,June 24 2023,Lawton Residences by Cocotel
Maurice,2.0,June 23 2023,Lawton Residences by Cocotel
Maurice,2.0,June 23 2023,Lawton Residences by Cocotel
Roxanne,5.2,June 05 2023,Lawton Residences by Cocotel
Mk,3.2,June 01 2023,Lawton Residences by Cocotel
Era,6.0,May 17 2023,Lawton Residences by Cocotel
Cherryl,2.0,May 17 2023,Lawton Residences by Cocotel
Gregorio,2.0,May 05 2023,Lawton Residences by Cocotel
Wynmen,6.4,May 02 2023,Lawton Residences by Cocotel
Gerly,10.0,April 20 2023,Lawton Residences by Cocotel
FRANCHETTE,10.0,March 29 2023,Lawton Residences by Cocotel
Peter,2.0,March 07 2023,Lawton Residences by Cocotel
Arnold,3.6,February 17 2023,Lawton Residences by Cocotel
Dhaday,2.0,December 10 2022,Lawton Residences by Cocotel
Analeen,10.0,March 23 2022,Capital O 806 Pattaui Residences
Charmaine,9.6,July 12 2022,Capital O 806 Pattaui Residences
Cathrina,10.0,August 30 2022,Capital O 806 Pattaui Residences
Marites,10.0,December 08 2021,Capital O 806 Pattaui Residences
Ezekiel,10.0,December 10 2021,Capital O 806 Pattaui Residences
Edward,10.0,October 12 2021,Capital O 806 Pattaui Residences
Norman,10.0,October 13 2021,Capital O 806 Pattaui Residences
Don,10.0,January 03 2022,Capital O 806 Pattaui Residences
Glydel,10.0,January 04 2022,Capital O 806 Pattaui Residences
Michelle,10.0,December 29 2022,Capital O 806 Pattaui Residences
riane,9.2,January 05 2023,Capital O 806 Pattaui Residences
kathleen,9.6,February 08 2023,Capital O 806 Pattaui Residences
Wilna,9.2,February 10 2023,Capital O 806 Pattaui Residences
Carla,9.2,January 06 2022,Capital O 806 Pattaui Residences
Damian,8.8,January 06 2022,Capital O 806 Pattaui Residences
Kael,8.8,July 29 2022,Capital O 806 Pattaui Residences
Chester,10.0,August 10 2022,Capital O 806 Pattaui Residences
Michelle,9.2,May 30 2022,Capital O 806 Pattaui Residences
Lloyd,8.8,June 04 2022,Capital O 806 Pattaui Residences
clarice,8.8,January 23 2023,Capital O 806 Pattaui Residences
Hannah,10.0,September 09 2020,RedDoorz @ CPG Estate Hotel Taguig
Christine,10.0,August 04 2022,RedDoorz @ CPG Estate Hotel Taguig
Rose,10.0,June 28 2022,RedDoorz @ CPG Estate Hotel Taguig
Hannah,10.0,September 09 2020,RedDoorz @ CPG Estate Hotel Taguig
meg,10.0,September 11 2022,RedDoorz @ CPG Estate Hotel Taguig
meg,10.0,September 28 2022,RedDoorz @ CPG Estate Hotel Taguig
Jeanne,9.6,December 30 2022,RedDoorz @ CPG Estate Hotel Taguig
James,10.0,November 13 2021,RedDoorz @ CPG Estate Hotel Taguig
clarice,10.0,January 08 2022,RedDoorz @ CPG Estate Hotel Taguig
Daphne,10.0,September 13 2022,RedDoorz @ CPG Estate Hotel Taguig
ROSETTE,10.0,July 24 2020,RedDoorz @ CPG Estate Hotel Taguig
ROSETTE,10.0,September 29 2020,RedDoorz @ CPG Estate Hotel Taguig
Lorrine,10.0,November 11 2022,RedDoorz @ CPG Estate Hotel Taguig
ROSETTE,10.0,July 09 2020,RedDoorz @ CPG Estate Hotel Taguig
chanthika,10.0,August 23 2020,RedDoorz @ CPG Estate Hotel Taguig
Arvin,10.0,March 05 2021,RedDoorz @ CPG Estate Hotel Taguig
Christopher,10.0,February 24 2021,RedDoorz @ CPG Estate Hotel Taguig
Divina,10.0,October 13 2022,RedDoorz @ CPG Estate Hotel Taguig
kim,9.6,July 02 2020,RedDoorz @ CPG Estate Hotel Taguig
Dranreb,10.0,March 31 2021,RedDoorz @ CPG Estate Hotel Taguig
Dianne,10.0,May 14 2022,RedDoorz Plus @ Villa Gloria Taguig - Vaccinated Staff
Dianne,10.0,October 04 2022,RedDoorz Plus @ Villa Gloria Taguig - Vaccinated Staff
Rizalyn,10.0,February 02 2023,RedDoorz Plus @ Villa Gloria Taguig - Vaccinated Staff
Rizalyn,10.0,February 02 2023,RedDoorz Plus @ Villa Gloria Taguig - Vaccinated Staff
Nemia,8.8,May 12 2021,RedDoorz Plus @ Villa Gloria Taguig - Vaccinated Staff
Munarriz,9.2,December 20 2020,RedDoorz Plus @ Villa Gloria Taguig - Vaccinated Staff
Enrico,8.0,September 13 2020,RedDoorz Plus @ Villa Gloria Taguig - Vaccinated Staff
Frandyl,8.0,June 28 2021,RedDoorz Plus @ Villa Gloria Taguig - Vaccinated Staff
Pacifico,7.2,October 28 2022,RedDoorz Plus @ Villa Gloria Taguig - Vaccinated Staff
Kym,6.8,June 04 2022,RedDoorz Plus @ Villa Gloria Taguig - Vaccinated Staff
Ma,6.0,May 01 2022,RedDoorz Plus @ Villa Gloria Taguig - Vaccinated Staff
Judyfe,6.0,May 08 2021,RedDoorz Plus @ Villa Gloria Taguig - Vaccinated Staff
Mariedith,4.8,April 16 2022,RedDoorz Plus @ Villa Gloria Taguig - Vaccinated Staff
Martina,4.4,December 07 2020,RedDoorz Plus @ Villa Gloria Taguig - Vaccinated Staff
Angelica,5.2,June 12 2020,RedDoorz Plus @ Villa Gloria Taguig - Vaccinated Staff
Ann,4.0,November 02 2021,RedDoorz Plus @ Villa Gloria Taguig - Vaccinated Staff
Dabbie,3.6,January 01 2022,RedDoorz Plus @ Villa Gloria Taguig - Vaccinated Staff
Nelson,3.2,December 22 2022,RedDoorz Plus @ Villa Gloria Taguig - Vaccinated Staff
Terry,2.8,August 01 2022,RedDoorz Plus @ Villa Gloria Taguig - Vaccinated Staff
JULIETA,2.4,February 04 2021,RedDoorz Plus @ Villa Gloria Taguig - Vaccinated Staff
Ronald,10.0,September 19 2022,One Uptown BGC across Grand Hyatt Manila Hotel
David,10.0,January 09 2023,One Uptown BGC across Grand Hyatt Manila Hotel
John,4.4,February 06 2023,One Uptown BGC across Grand Hyatt Manila Hotel
Claire,8.0,May 20 2019,One Uptown BGC across Grand Hyatt Manila Hotel
Lily,4.4,June 13 2019,One Uptown BGC across Grand Hyatt Manila Hotel
Eduin,9.6,June 17 2023,One Uptown BGC across Grand Hyatt Manila Hotel
Maria,6.0,June 14 2023,One Uptown BGC across Grand Hyatt Manila Hotel
Aileen,7.2,May 18 2023,One Uptown BGC across Grand Hyatt Manila Hotel
Jo-an,4.4,March 13 2023,One Uptown BGC across Grand Hyatt Manila Hotel
Joem,10.0,December 16 2022,One Uptown BGC across Grand Hyatt Manila Hotel
yasuhiro,6.0,September 05 2019,One Uptown BGC across Grand Hyatt Manila Hotel
AYRAH,10.0,July 24 2023,mySTAY Hotel BGC South
Elaine,9.2,July 13 2023,mySTAY Hotel BGC South
rowena,7.6,July 14 2023,mySTAY Hotel BGC South
GELENE,6.8,July 04 2023,mySTAY Hotel BGC South
Christopher,8.4,July 11 2023,mySTAY Hotel BGC South
Virginia,2.0,July 15 2023,MiO Suites BGC - Near Uptown and Hyatt
Pilar,10.0,July 11 2023,MiO Suites BGC - Near Uptown and Hyatt
Raine,10.0,June 04 2023,MiO Suites BGC - Near Uptown and Hyatt
Soriano,9.0,June 01 2023,MiO Suites BGC - Near Uptown and Hyatt
Henning,8.0,April 28 2023,MiO Suites BGC - Near Uptown and Hyatt
Asiia,9.0,March 14 2023,MiO Suites BGC - Near Uptown and Hyatt
Jasmin,9.0,June 01 2023,SMDC GRACE RESIDENCIES
Flordelyn,8.0,May 05 2023,SMDC GRACE RESIDENCIES
Williamsjw,5.0,February 24 2023,SMDC GRACE RESIDENCIES
Moncada,7.0,August 22 2022,SMDC GRACE RESIDENCIES
Jean,1.0,August 02 2022,SMDC GRACE RESIDENCIES
Lina,10.0,November 05 2022,SMDC GRACE RESIDENCIES
Carlo,1.0,July 07 2023,Metrocity CEMBO
Gilbert,7.0,May 03 2023,Metrocity CEMBO
Christopher,3.0,March 30 2023,Metrocity CEMBO
Jyra,1.0,March 26 2023,Metrocity CEMBO
Aisestyle,6.0,March 02 2023,Metrocity CEMBO
Everlasting,2.4,July 20 2023,A2J Executive Studio Suite Near Venice Mall BGC
Shella,4.8,July 03 2023,A2J Executive Studio Suite Near Venice Mall BGC
Shiela,2.8,June 22 2023,A2J Executive Studio Suite Near Venice Mall BGC
Joshua,9.6,May 21 2023,A2J Executive Studio Suite Near Venice Mall BGC
Allen,5.2,May 09 2023,A2J Executive Studio Suite Near Venice Mall BGC
Jenny,4.8,April 24 2023,A2J Executive Studio Suite Near Venice Mall BGC
Sandra,2.0,February 19 2023,A2J Executive Studio Suite Near Venice Mall BGC
Jacques,3.2,December 13 2022,A2J Executive Studio Suite Near Venice Mall BGC
MINHA,6.4,June 01 2023,A2J Executive Studio Suite Near Venice Mall BGC
MARYCHERRY,3.2,March 01 2023,A2J Executive Studio Suite Near Venice Mall BGC
Alyssa,10.0,January 16 2023,Grace Residences_Grace & Co_Elegant Unit
ruby,10.0,February 05 2023,Grace Residences_Grace & Co_Elegant Unit
Shiela,9.2,December 15 2022,Grace Residences_Grace & Co_Elegant Unit
Hassana,6.4,February 01 2023,Grace Residences_Grace & Co_Elegant Unit
Van,2.0,October 29 2022,Grace Residences_Grace & Co_Elegant Unit
Edward,10.0,July 23 2023,Grace Residences_Grace & Co_Elegant Unit
Tobi,10.0,June 10 2023,Grace Residences_Grace & Co_Elegant Unit
Clarito,9.2,May 07 2023,Grace Residences_Grace & Co_Elegant Unit
Mhe,2.0,April 18 2023,Grace Residences_Grace & Co_Elegant Unit
gwennie,10.0,February 14 2023,Grace Residences_Grace & Co_Elegant Unit
Yna,10.0,November 22 2022,Grace Residences_Grace & Co_Elegant Unit
Daria,8.0,July 18 2023,Morgan Suite BGC across5 Venice Canal Mall free Pool gym
Corazon,7.0,June 12 2023,Morgan Suite BGC across5 Venice Canal Mall free Pool gym
Clarise,2.0,May 22 2023,Morgan Suite BGC across5 Venice Canal Mall free Pool gym
Eva,5.0,May 09 2023,Morgan Suite BGC across5 Venice Canal Mall free Pool gym
Deon,8.0,February 19 2023,Morgan Suite BGC across5 Venice Canal Mall free Pool gym
Tiffany,10.0,July 14 2023,One Uptown Opposite of grandhyatt hotel manila Taguig city
Rosito,7.0,July 08 2023,One Uptown Opposite of grandhyatt hotel manila Taguig city
Mohammad,7.0,May 17 2023,One Uptown Opposite of grandhyatt hotel manila Taguig city
Rob,9.0,May 15 2023,One Uptown Opposite of grandhyatt hotel manila Taguig city
Vishwas,1.0,May 08 2023,One Uptown Opposite of grandhyatt hotel manila Taguig city
Debbie,8.0,April 19 2023,One Uptown Opposite of grandhyatt hotel manila Taguig city
Vida,10.0,March 13 2023,One Uptown Opposite of grandhyatt hotel manila Taguig city
Anonymous,7.0,February 26 2023,One Uptown Opposite of grandhyatt hotel manila Taguig city
Elizabeth,8.0,January 22 2023,One Uptown Opposite of grandhyatt hotel manila Taguig city
Bg,10.0,January 22 2023,One Uptown Opposite of grandhyatt hotel manila Taguig city
sun,2.0,April 14 2023,A2J Luxury Balcony BGC Suite Near SM AURA Taguig
nerlyn,6.4,April 09 2023,A2J Luxury Balcony BGC Suite Near SM AURA Taguig
rosemarie,9.6,February 07 2023,A2J Luxury Balcony BGC Suite Near SM AURA Taguig
SANGHWAN,7.6,December 28 2022,A2J Luxury Balcony BGC Suite Near SM AURA Taguig
Sheryl,10.0,February 20 2020,Oasis Regency@Fort Victoria
Ma.,9.2,January 26 2020,Oasis Regency@Fort Victoria
Jesus,9.2,July 18 2020,Oasis Regency@Fort Victoria
Alice,9.6,March 05 2020,Oasis Regency@Fort Victoria
DARWIN,8.8,March 03 2020,Oasis Regency@Fort Victoria
Millicent,8.8,December 26 2021,Oasis Regency@Fort Victoria
Anne,8.0,February 24 2022,Oasis Regency@Fort Victoria
Jamie,7.2,January 07 2022,Oasis Regency@Fort Victoria
Leo,6.4,October 25 2020,Oasis Regency@Fort Victoria
Jonathan,6.8,January 04 2020,Oasis Regency@Fort Victoria
Alfredo,5.2,February 13 2020,Oasis Regency@Fort Victoria
Clarissa,5.2,February 03 2020,Oasis Regency@Fort Victoria
Michelle,5.6,May 26 2020,Oasis Regency@Fort Victoria
Violeta,4.4,January 06 2021,Oasis Regency@Fort Victoria
EMMANUEL,3.2,December 31 2019,Oasis Regency@Fort Victoria
Adelaine,3.2,May 08 2022,Oasis Regency@Fort Victoria
Delani,4.0,February 21 2020,Oasis Regency@Fort Victoria
Mark,2.8,December 29 2020,Oasis Regency@Fort Victoria
Francia,2.0,November 11 2021,Oasis Regency@Fort Victoria
Benedict,2.0,November 22 2021,Oasis Regency@Fort Victoria
Marilou,10.0,July 12 2023,Comfy Artsy Studio in BGC
Srecko,10.0,June 27 2023,Comfy Artsy Studio in BGC
Arnold,8.0,June 07 2023,Comfy Artsy Studio in BGC
Ramilo,10.0,June 02 2023,Comfy Artsy Studio in BGC
Tomasz,10.0,May 25 2023,Comfy Artsy Studio in BGC
Tomasz,10.0,May 25 2023,Comfy Artsy Studio in BGC
Tan,10.0,March 30 2023,Comfy Artsy Studio in BGC
Rona,10.0,March 22 2023,Comfy Artsy Studio in BGC
Andrea,10.0,February 13 2023,Comfy Artsy Studio in BGC
Aye,7.0,February 05 2023,Comfy Artsy Studio in BGC
Charlotte,10.0,June 26 2022,Victoria Soho Suites
Jamie,10.0,January 04 2022,Victoria Soho Suites
Jane-Raida,8.4,November 09 2021,Victoria Soho Suites
Ian,8.8,December 17 2020,Victoria Soho Suites
Ronald,5.2,November 12 2022,Victoria Soho Suites
Mia,4.8,December 18 2022,Victoria Soho Suites
Mildred,3.2,February 20 2022,Victoria Soho Suites
Floren,8.0,December 02 2019,Victoria Soho Suites
Jeffer,9.2,December 15 2018,Victoria Soho Suites
Luzelle,7.6,May 22 2019,Victoria Soho Suites
Luzelle,7.2,May 22 2019,Victoria Soho Suites
zhi,6.8,August 17 2018,Victoria Soho Suites
Anthea,8.0,December 02 2018,Victoria Soho Suites
KHALID,2.8,April 14 2023,Victoria Soho Suites
Jocelyn,2.8,March 23 2023,Victoria Soho Suites
Nahyeon,7.2,September 19 2019,Victoria Soho Suites
park,7.6,September 18 2019,Victoria Soho Suites
Federico,8.0,June 22 2023,A2J BGC Luxury 1BR Suite Near Burgos Circle & Mall
CHARLES,6.8,May 31 2023,A2J BGC Luxury 1BR Suite Near Burgos Circle & Mall
Lizette,10.0,May 19 2023,A2J BGC Luxury 1BR Suite Near Burgos Circle & Mall
Jean,8.4,May 15 2023,A2J BGC Luxury 1BR Suite Near Burgos Circle & Mall
David,10.0,April 26 2023,A2J BGC Luxury 1BR Suite Near Burgos Circle & Mall
Irene,5.2,March 29 2023,A2J BGC Luxury 1BR Suite Near Burgos Circle & Mall
JM,2.8,January 15 2023,A2J BGC Luxury 1BR Suite Near Burgos Circle & Mall
Darwin,10.0,August 05 2022,A2J BGC Luxury 1BR Suite Near Burgos Circle & Mall
Clarence,10.0,July 25 2022,A2J BGC Luxury 1BR Suite Near Burgos Circle & Mall
Mark,4.0,July 04 2022,A2J BGC Luxury 1BR Suite Near Burgos Circle & Mall
Khrista,10.0,November 02 2022,The Venice Luxury Family Staycation Suite
Ma.,9.6,January 02 2023,The Venice Luxury Family Staycation Suite
Maria,10.0,June 30 2022,The Venice Luxury Family Staycation Suite
Stella,10.0,January 12 2023,The Venice Luxury Family Staycation Suite
Jessel,10.0,August 02 2022,The Venice Luxury Family Staycation Suite
Nolly,10.0,November 27 2022,The Venice Luxury Family Staycation Suite
Beverly,10.0,October 04 2022,The Venice Luxury Family Staycation Suite
Joseph,10.0,July 17 2022,The Venice Luxury Family Staycation Suite
varrei,10.0,June 16 2022,The Venice Luxury Family Staycation Suite
Marc,9.2,December 30 2022,The Venice Luxury Family Staycation Suite
Herzy,9.2,September 22 2022,The Venice Luxury Family Staycation Suite
Jermaine,8.8,December 08 2022,The Venice Luxury Family Staycation Suite
Rosabelle,8.4,August 20 2022,The Venice Luxury Family Staycation Suite
Jolz,8.8,November 15 2022,The Venice Luxury Family Staycation Suite
Care,8.8,August 30 2022,The Venice Luxury Family Staycation Suite
Janice,8.8,July 01 2022,The Venice Luxury Family Staycation Suite
Wilfred,8.0,September 14 2022,The Venice Luxury Family Staycation Suite
David,7.2,December 14 2022,The Venice Luxury Family Staycation Suite
Jennifer,6.0,December 15 2021,The Venice Luxury Family Staycation Suite
April,4.8,August 12 2022,The Venice Luxury Family Staycation Suite
Alvin,10.0,January 25 2023,Best Stays Ph in The Venice Luxury Residences
Anthony,10.0,December 01 2022,Best Stays Ph in The Venice Luxury Residences
Genevieve,10.0,November 28 2022,Best Stays Ph in The Venice Luxury Residences
Sheena,10.0,August 31 2022,Best Stays Ph in The Venice Luxury Residences
Krisna,10.0,September 06 2022,Best Stays Ph in The Venice Luxury Residences
Remedios,10.0,January 21 2020,Best Stays Ph in The Venice Luxury Residences
Lina,9.2,November 07 2022,Best Stays Ph in The Venice Luxury Residences
Charisse,8.4,July 11 2022,Best Stays Ph in The Venice Luxury Residences
Antonette,7.6,May 21 2022,Best Stays Ph in The Venice Luxury Residences
Hadiyah,6.0,June 12 2022,Best Stays Ph in The Venice Luxury Residences
JAE,4.4,January 17 2023,Best Stays Ph in The Venice Luxury Residences
Jonna,2.4,December 27 2022,Best Stays Ph in The Venice Luxury Residences
Leah,2.0,October 03 2022,Best Stays Ph in The Venice Luxury Residences
Katerina,9.2,December 12 2018,Best Stays Ph in The Venice Luxury Residences
Luis,10.0,May 10 2019,Best Stays Ph in The Venice Luxury Residences
John,10.0,November 30 2019,Best Stays Ph in The Venice Luxury Residences
Kristine,8.0,August 27 2019,Best Stays Ph in The Venice Luxury Residences
John,10.0,December 08 2019,Best Stays Ph in The Venice Luxury Residences
Cassandra,10.0,September 27 2019,Best Stays Ph in The Venice Luxury Residences
Choi,10.0,July 18 2019,Best Stays Ph in The Venice Luxury Residences
Nick,9.0,July 11 2023,Casa Antonio at Viceroy McKinley Hill
Pamela,9.0,December 04 2022,Casa Antonio at Viceroy McKinley Hill
Janice,10.0,August 10 2022,Executive Suite at The Venice Luxury Residences
Steve,10.0,August 17 2022,Executive Suite at The Venice Luxury Residences
Russ,9.2,January 26 2023,Executive Suite at The Venice Luxury Residences
yoan,9.2,September 11 2022,Executive Suite at The Venice Luxury Residences
Leslie,9.6,February 25 2020,Executive Suite at The Venice Luxury Residences
Lucilyn,8.4,January 09 2023,Executive Suite at The Venice Luxury Residences
Mary,8.4,February 04 2023,Executive Suite at The Venice Luxury Residences
Aura,6.0,July 18 2022,Executive Suite at The Venice Luxury Residences
Milanova,5.2,July 15 2022,Executive Suite at The Venice Luxury Residences
conrad,5.6,November 01 2022,Executive Suite at The Venice Luxury Residences
Joyce,3.6,August 06 2022,Executive Suite at The Venice Luxury Residences
miriam,4.0,October 09 2022,Executive Suite at The Venice Luxury Residences
Noel,2.8,December 08 2022,Executive Suite at The Venice Luxury Residences
Vernadette,10.0,August 29 2019,Executive Suite at The Venice Luxury Residences
Kenneth,9.6,September 25 2019,Executive Suite at The Venice Luxury Residences
faith,9.6,October 06 2019,Executive Suite at The Venice Luxury Residences
Shiela,10.0,June 22 2023,Executive Suite at The Venice Luxury Residences
Nicole,5.6,June 05 2023,Executive Suite at The Venice Luxury Residences
Marie,2.0,May 19 2023,Executive Suite at The Venice Luxury Residences
Clarisse,6.4,May 10 2023,Executive Suite at The Venice Luxury Residences
Romercie,8.0,June 14 2021,OYO 129 D'builders Rooms - New Lower Bicutan
Romercie,7.2,June 14 2021,OYO 129 D'builders Rooms - New Lower Bicutan
rosie,5.2,October 25 2021,OYO 129 D'builders Rooms - New Lower Bicutan
ted,2.0,June 04 2022,OYO 129 D'builders Rooms - New Lower Bicutan
Julius,2.0,May 15 2023,OYO 129 D'builders Rooms - New Lower Bicutan
aglu,4.8,June 20 2022,OYO 129 D'builders Rooms - New Lower Bicutan
Wan,7.0,June 08 2023,Uptown Parksuites BGC Taguig 1 Bedroom w/ Balcony
Najlah,7.0,June 13 2023,Forbes Area BGC Taguig Manila
Richard,10.0,June 13 2023,Forbes Area BGC Taguig Manila
Jeneve,10.0,May 06 2023,Forbes Area BGC Taguig Manila
Lb,1.0,March 09 2023,Forbes Area BGC Taguig Manila
21c,8.0,March 06 2023,Forbes Area BGC Taguig Manila
Shishir,9.0,March 06 2023,Forbes Area BGC Taguig Manila
Katty,6.0,November 27 2022,Forbes Area BGC Taguig Manila
Ma.,7.0,November 10 2022,Forbes Area BGC Taguig Manila
Angelicah,9.0,November 10 2022,Forbes Area BGC Taguig Manila
Louis,1.0,November 02 2022,Forbes Area BGC Taguig Manila
Mary,9.0,July 07 2023,"Luxury 1BR Unit with Pool at Venice Luxury Residences, McKinley Hill, Taguig City"
Philip,10.0,May 08 2023,"Luxury 1BR Unit with Pool at Venice Luxury Residences, McKinley Hill, Taguig City"
Miranda,5.0,April 25 2023,"Luxury 1BR Unit with Pool at Venice Luxury Residences, McKinley Hill, Taguig City"
Cando,10.0,April 15 2023,"Luxury 1BR Unit with Pool at Venice Luxury Residences, McKinley Hill, Taguig City"
Alice,10.0,March 11 2023,"Luxury 1BR Unit with Pool at Venice Luxury Residences, McKinley Hill, Taguig City"
Mara,3.0,February 09 2023,"Luxury 1BR Unit with Pool at Venice Luxury Residences, McKinley Hill, Taguig City"
Ian,9.0,January 26 2023,"Luxury 1BR Unit with Pool at Venice Luxury Residences, McKinley Hill, Taguig City"
Gian,10.0,January 19 2023,"Luxury 1BR Unit with Pool at Venice Luxury Residences, McKinley Hill, Taguig City"
Jack,9.0,June 04 2023,"Luxury 1BR Unit with Pool at Venice Luxury Residences, McKinley Hill, Taguig City"
Joseph,10.0,June 19 2023,A2J Luxury 1BR Suite Near Venice Mall BGC Taguig
Mjoi,10.0,May 18 2023,A2J Luxury 1BR Suite Near Venice Mall BGC Taguig
Joey,10.0,January 23 2023,A2J Luxury 1BR Suite Near Venice Mall BGC Taguig
Gebie,10.0,October 11 2022,A2J Luxury 1BR Suite Near Venice Mall BGC Taguig
Kumar,10.0,July 05 2023,MaiRT condominium
Reyna,10.0,July 20 2023,Uptown BGC Luxury 1br Suite With Fast Wifi
Neil,10.0,January 26 2023,Uptown BGC Luxury 1br Suite With Fast Wifi
Robert,10.0,May 26 2023,Apad@graceresidences nr BGC
Nabil,1.0,April 03 2023,Apad@graceresidences nr BGC
Ma,5.0,March 01 2023,Apad@graceresidences nr BGC
Alessandro,8.0,February 26 2023,Apad@graceresidences nr BGC
Anonymous,7.0,February 18 2023,Apad@graceresidences nr BGC
Ak,10.0,February 10 2023,Apad@graceresidences nr BGC
John,9.0,February 05 2023,Apad@graceresidences nr BGC
John,9.0,February 05 2023,Apad@graceresidences nr BGC
Zoltan,8.0,January 11 2023,Apad@graceresidences nr BGC
Hazel,9.0,December 07 2022,Apad@graceresidences nr BGC
Scott,10.0,December 25 2022,Rare Unit With Balcony at The Venice Luxury
Elaine,10.0,November 05 2022,Rare Unit With Balcony at The Venice Luxury
Nori,10.0,December 23 2022,Rare Unit With Balcony at The Venice Luxury
John,10.0,December 20 2022,Rare Unit With Balcony at The Venice Luxury
Elaine,10.0,November 02 2022,Rare Unit With Balcony at The Venice Luxury
Lisbeth,10.0,June 15 2022,Rare Unit With Balcony at The Venice Luxury
DARRELL,9.6,January 17 2023,Rare Unit With Balcony at The Venice Luxury
Andre,9.2,June 30 2022,Rare Unit With Balcony at The Venice Luxury
Robert,6.0,February 05 2023,Rare Unit With Balcony at The Venice Luxury
Mildred,5.2,November 13 2022,Rare Unit With Balcony at The Venice Luxury
Emerzon,9.2,May 01 2023,Rare Unit With Balcony at The Venice Luxury
Monaleigh,8.0,April 26 2023,Rare Unit With Balcony at The Venice Luxury
Gladys,10.0,April 09 2023,Rare Unit With Balcony at The Venice Luxury
Elvin,10.0,March 30 2023,Rare Unit With Balcony at The Venice Luxury
Catherine,6.8,March 09 2023,Rare Unit With Balcony at The Venice Luxury
akrum,6.8,March 06 2023,Rare Unit With Balcony at The Venice Luxury
Samuel,7.2,February 27 2023,Rare Unit With Balcony at The Venice Luxury
Marilyn,9.6,February 20 2023,Rare Unit With Balcony at The Venice Luxury
Maria,4.4,February 13 2023,Rare Unit With Balcony at The Venice Luxury
IEHYUN,8.4,September 17 2022,Rare Unit With Balcony at The Venice Luxury
Nestor,6.0,June 13 2023,"McKinley Hill, Venice Residence, Twr D, 22H, 4Pax"
Abigail,5.6,May 08 2023,"McKinley Hill, Venice Residence, Twr D, 22H, 4Pax"
Nancy,6.8,April 02 2023,"McKinley Hill, Venice Residence, Twr D, 22H, 4Pax"
Irsa,9.2,February 24 2023,"McKinley Hill, Venice Residence, Twr D, 22H, 4Pax"
Byron,9.6,February 14 2023,"McKinley Hill, Venice Residence, Twr D, 22H, 4Pax"
Caroline,6.4,April 23 2023,"McKinley Hill, Venice Residence, Twr D, 22H, 4Pax"
sujin,2.8,June 12 2023,"McKinley Hill, Venice Residence, Twr D, 22H, 4Pax"
Maribeth,10.0,July 10 2023,Azure Seaclusion | Balcony with Beach View
John,3.6,April 22 2023,Azure Seaclusion | Balcony with Beach View
Raja,8.8,November 21 2022,Azure Seaclusion | Balcony with Beach View
RJ,10.0,May 05 2019,RedDoorz Premium @ Avida Verte BGC
Donil,8.4,May 15 2019,RedDoorz Premium @ Avida Verte BGC
ian,2.0,March 19 2019,RedDoorz Premium @ Avida Verte BGC
Kristine,7.2,March 13 2019,RedDoorz Premium @ Avida Verte BGC
MJ,8.0,May 17 2019,RedDoorz Premium @ Avida Verte BGC
Airene,5.2,May 31 2019,RedDoorz Premium @ Avida Verte BGC
JR,6.0,May 03 2019,RedDoorz Premium @ Avida Verte BGC
Menchi,8.0,June 18 2019,RedDoorz Premium @ Avida Verte BGC
Roy,4.0,April 28 2019,RedDoorz Premium @ Avida Verte BGC
Felix,4.8,May 24 2019,RedDoorz Premium @ Avida Verte BGC
Bradley,2.0,December 11 2019,RedDoorz Premium @ Avida Verte BGC
sone,6.8,May 11 2019,RedDoorz Premium @ Avida Verte BGC
Zhilong,5.6,April 30 2019,RedDoorz Premium @ Avida Verte BGC
Zhilong,3.6,April 30 2019,RedDoorz Premium @ Avida Verte BGC
Amy,10.0,April 22 2019,RedDoorz Premium @ Avida Verte BGC
Mary,10.0,July 12 2023,A2J Luxury 1BR Balcony Suite Near Venice Mall BGC
Generosa,8.0,May 26 2023,A2J Luxury 1BR Balcony Suite Near Venice Mall BGC
Todd,9.6,May 03 2023,A2J Luxury 1BR Balcony Suite Near Venice Mall BGC
Gary,10.0,April 27 2023,A2J Luxury 1BR Balcony Suite Near Venice Mall BGC
Ma.,10.0,April 16 2023,A2J Luxury 1BR Balcony Suite Near Venice Mall BGC
Vernie,8.4,April 13 2023,A2J Luxury 1BR Balcony Suite Near Venice Mall BGC
Carlomagno,10.0,April 03 2023,A2J Luxury 1BR Balcony Suite Near Venice Mall BGC
Lei,10.0,January 27 2023,A2J Luxury 1BR Balcony Suite Near Venice Mall BGC
Kars,9.2,December 19 2022,A2J Luxury 1BR Balcony Suite Near Venice Mall BGC
Editha,10.0,July 19 2023,Two Bed Family Getaway!
Zoltan,9.6,July 11 2023,Two Bed Family Getaway!
Francis,10.0,April 15 2023,Two Bed Family Getaway!
hendrilyn,9.2,June 21 2023,SMDC Grace Residences - Scandinavian Room
Frediz,10.0,June 17 2023,SMDC Grace Residences - Scandinavian Room
Joana,8.4,February 08 2023,SMDC Grace Residences - Scandinavian Room
Al,10.0,January 04 2023,SMDC Grace Residences - Scandinavian Room
Shardon,9.6,December 02 2022,SMDC Grace Residences - Scandinavian Room
Richardson,4.0,May 01 2023,Chic and Cozy 1BR Unit with WIFI and Queen Size Bed
Caronae,6.4,December 29 2022,Condo Del Juana in Pacific Residences Near BGC
Angelica,9.6,September 23 2019,ZEN Rooms Avida 34th Uptown BGC
Peter,7.6,April 02 2019,ZEN Rooms Avida 34th Uptown BGC
HANNA,8.4,February 28 2019,ZEN Rooms Avida 34th Uptown BGC
Qionglin,8.4,April 28 2019,ZEN Rooms Avida 34th Uptown BGC
Marie,8.4,February 10 2019,ZEN Rooms Avida 34th Uptown BGC
Betros,8.8,August 20 2019,ZEN Rooms Avida 34th Uptown BGC
Edsel,8.8,January 05 2019,ZEN Rooms Avida 34th Uptown BGC
James,9.2,November 03 2018,ZEN Rooms Avida 34th Uptown BGC
RICK,7.6,January 05 2019,ZEN Rooms Avida 34th Uptown BGC
agnes,8.4,April 02 2019,ZEN Rooms Avida 34th Uptown BGC
Ronnel,9.6,May 24 2019,ZEN Rooms Avida 34th Uptown BGC
Mike,6.8,April 12 2019,ZEN Rooms Avida 34th Uptown BGC
Josiah,8.8,October 19 2019,ZEN Rooms Avida 34th Uptown BGC
Seok,9.2,June 16 2019,ZEN Rooms Avida 34th Uptown BGC
Noel,10.0,January 30 2019,ZEN Rooms Avida 34th Uptown BGC
Marilou,9.2,January 17 2019,ZEN Rooms Avida 34th Uptown BGC
LJUBOMIR,8.8,June 22 2019,ZEN Rooms Avida 34th Uptown BGC
Dean,7.6,May 14 2019,ZEN Rooms Avida 34th Uptown BGC
JEAN,8.8,June 13 2019,ZEN Rooms Avida 34th Uptown BGC
Alexis,7.6,March 14 2019,ZEN Rooms Avida 34th Uptown BGC
Alex,10.0,May 04 2023,Patricios Apartelle Taguig
Elaine,8.0,November 20 2022,Patricios Apartelle Taguig
Rhia,7.0,October 14 2022,Patricios Apartelle Taguig
Malaza,10.0,September 21 2022,Patricios Apartelle Taguig
Alshane,6.0,September 06 2022,Patricios Apartelle Taguig
Marites,8.0,July 16 2022,Patricios Apartelle Taguig
Lakeachara,8.0,September 07 2021,Patricios Apartelle Taguig
Ulrich,6.0,April 07 2023,Patricios Apartelle Taguig
kharen,9.2,January 02 2023,Azure Staycation
Benilda,10.0,December 05 2022,Azure Staycation
Sirach,10.0,October 15 2022,Azure Staycation
Robert,10.0,June 03 2023,Venice Luxury Residences - C16K
Lilibeth,10.0,January 03 2023,Cozy BGC loft condo
Frank,10.0,January 05 2023,Cozy BGC loft condo
Claire,10.0,December 09 2022,Cozy BGC loft condo
Winona,9.6,December 09 2022,Cozy BGC loft condo
Zaina,9.6,December 24 2022,Cozy BGC loft condo
Katherine,9.6,December 25 2022,Cozy BGC loft condo
Charizzavel,10.0,December 18 2022,Cozy BGC loft condo
Vivian,8.8,November 10 2022,Cozy BGC loft condo
Aileen,10.0,November 11 2022,Cozy BGC loft condo
grahame,9.2,January 15 2023,Cozy BGC loft condo
Siobie,9.6,December 20 2021,Cozy BGC loft condo
Gianina,10.0,February 06 2023,Cozy BGC loft condo
Luisa,9.2,February 27 2022,Cozy BGC loft condo
Len,9.6,November 11 2022,Cozy BGC loft condo
Sharmaine,10.0,July 18 2023,Cozy BGC loft condo
Brian,9.6,May 25 2023,Cozy BGC loft condo
Bea,10.0,May 29 2023,Cozy BGC loft condo
Rex,9.2,May 23 2023,Cozy BGC loft condo
KAROL,10.0,May 12 2023,Cozy BGC loft condo
Lorissa,10.0,May 19 2023,Cozy BGC loft condo
Koji,7.0,July 18 2023,Cosy Executive 1 BR Uptown Parksuites Ultra fast Internet
Anonymous,6.0,May 13 2023,Cosy Executive 1 BR Uptown Parksuites Ultra fast Internet
Maritess,7.0,March 07 2023,Cosy Executive 1 BR Uptown Parksuites Ultra fast Internet
William,9.0,March 06 2023,Cosy Executive 1 BR Uptown Parksuites Ultra fast Internet
Eunkeung,3.0,May 02 2023,"LUXURY 1BR in Uptown Parksuites,BGC Taguig"
Zleen,8.0,January 30 2023,Loft condo beside Shangri-La Fort
Aubrey,3.0,January 01 2023,Loft condo beside Shangri-La Fort
Lelean,8.0,November 13 2022,Loft condo beside Shangri-La Fort
Arpon,5.0,July 31 2022,Loft condo beside Shangri-La Fort
Wriju,5.0,July 17 2022,Loft condo beside Shangri-La Fort
Abdullatif,6.0,March 28 2022,Loft condo beside Shangri-La Fort
Anonymous,10.0,March 12 2022,Loft condo beside Shangri-La Fort
Voxdeo,9.0,January 22 2022,Loft condo beside Shangri-La Fort
Dememg,5.0,January 20 2022,Loft condo beside Shangri-La Fort
Nancy,8.0,January 02 2022,Loft condo beside Shangri-La Fort
Fatima,6.0,November 21 2021,Loft condo beside Shangri-La Fort
J.barbara,6.0,August 27 2021,Loft condo beside Shangri-La Fort
Rodina,9.0,August 22 2021,Loft condo beside Shangri-La Fort
Chad,7.0,June 28 2021,Loft condo beside Shangri-La Fort
Arc,10.0,March 03 2021,Loft condo beside Shangri-La Fort
dymphna,8.8,July 16 2019,RedDoorz Premium @ Venice Luxury BGC 2
marian,10.0,June 16 2019,RedDoorz Premium @ Venice Luxury BGC 2
Arrian,9.2,April 11 2019,RedDoorz Premium @ Venice Luxury BGC 2
cecille,4.8,May 09 2019,RedDoorz Premium @ Venice Luxury BGC 2
Roberto,8.8,October 10 2019,RedDoorz Premium @ Venice Luxury BGC 2
Maribeth,2.0,July 14 2019,RedDoorz Premium @ Venice Luxury BGC 2
jessabel,10.0,June 08 2019,RedDoorz Premium @ Venice Luxury BGC 2
Hansel,7.6,May 21 2019,RedDoorz Premium @ Venice Luxury BGC 2
Sulaiman,9.6,July 19 2019,RedDoorz Premium @ Venice Luxury BGC 2
Jeremy,10.0,September 06 2019,RedDoorz Premium @ Venice Luxury BGC 2
Eric,6.8,September 13 2019,RedDoorz Premium @ Venice Luxury BGC 2
Kaye,4.4,July 25 2019,RedDoorz Premium @ Venice Luxury BGC 2
nancy,3.6,July 31 2019,RedDoorz Premium @ Venice Luxury BGC 2
thian,3.2,July 21 2019,RedDoorz Premium @ Venice Luxury BGC 2
Josh,2.0,November 08 2019,RedDoorz Premium @ Venice Luxury BGC 2
Beatriz,2.0,October 22 2019,RedDoorz Premium @ Venice Luxury BGC 2
yun,3.6,June 16 2019,RedDoorz Premium @ Venice Luxury BGC 2
yang,10.0,June 02 2019,RedDoorz Premium @ Venice Luxury BGC 2
TONGHUI,6.0,June 19 2019,RedDoorz Premium @ Venice Luxury BGC 2
Jeonghoon,1.0,April 28 2023,Lovely Loft in BGC with Golf & Sunset View
Oscar,10.0,July 05 2023,Mergeline's Transient Room
Renalyn,10.0,April 10 2023,Cozy place in Ridgewood Tower for large groups
Verginia,2.4,July 18 2023,Azure Maui Ph 9 Angie place
Rehina,9.2,May 13 2023,Azure Maui Ph 9 Angie place
sherville,6.4,March 15 2023,Azure Maui Ph 9 Angie place
Erica,10.0,February 05 2023,Azure Maui Ph 9 Angie place
Charmaine,10.0,November 14 2022,Azure Maui Ph 9 Angie place
IMEE,3.6,October 16 2022,Azure Maui Ph 9 Angie place
William,8.0,July 08 2023,Cozy Central - Near arca south signal taguig
Edison,10.0,June 25 2023,Cozy Central - Near arca south signal taguig
Halili,7.0,January 02 2023,Cozy Central - Near arca south signal taguig
Frediz,10.0,June 17 2023,SMDC Grace Residences - Danish Room
Al,5.2,May 10 2023,SMDC Grace Residences - Danish Room
vergie,10.0,April 26 2023,SMDC Grace Residences - Danish Room
Celeste,4.8,May 16 2023,Family-friendly 3BR Loft in BGC
Ahmed,3.0,July 08 2023,uptown park suites tower 1 unit 8i
Brandon,10.0,July 04 2023,uptown park suites tower 1 unit 8i
Tanja,8.0,May 26 2023,uptown park suites tower 1 unit 8i
Sarah,7.0,March 12 2023,uptown park suites tower 1 unit 8i
Elfrieda,10.0,February 28 2023,uptown park suites tower 1 unit 8i
Pingol,4.0,July 09 2023,Lot's Pad nr BGC
Kate,7.0,May 10 2023,Lot's Pad nr BGC
Karla,7.0,April 17 2023,Lot's Pad nr BGC
Roman,8.0,March 25 2023,Lot's Pad nr BGC
Sandesh,7.0,March 23 2023,Lot's Pad nr BGC
Maria,10.0,January 22 2023,Lot's Pad nr BGC
Nurlilaii,10.0,January 04 2023,Lot's Pad nr BGC
Keith,6.0,December 28 2022,Lot's Pad nr BGC
Ken,10.0,December 11 2022,Lot's Pad nr BGC
Suficiencia,10.0,November 06 2022,Lot's Pad nr BGC
Geert,2.0,January 02 2023,Cozy and soothing unit with fast Wifi & Netflix
channing,5.2,April 03 2023,Azure Urban Residences - Positano Tower
Ann,10.0,March 21 2023,Newly renovated Studio Type Condo
Kim,9.6,March 10 2023,Newly renovated Studio Type Condo
Mark,10.0,December 12 2022,Newly renovated Studio Type Condo
Evelyn,8.0,March 16 2023,Exquisite 1BR in Uptown BGC
Awad,4.0,March 16 2023,Exquisite 1BR in Uptown BGC
Roderick,10.0,April 30 2023,Stylish 1BR with Wifi and Queen size bed in Grace Res
Rizza,8.0,June 29 2023,1BR Suite in Uptown BGC
Ricardo,6.0,June 18 2023,1BR Suite in Uptown BGC
Ryan,8.0,June 16 2023,1BR Suite in Uptown BGC
Fharicia,10.0,June 01 2023,1BR Suite in Uptown BGC
Saif,9.0,March 23 2023,1BR Suite in Uptown BGC
Erwin,7.0,March 06 2023,1BR Suite in Uptown BGC
Go,8.0,February 24 2023,1BR Suite in Uptown BGC
Matt,8.0,January 22 2023,1BR Suite in Uptown BGC
Mohammed,10.0,January 07 2023,1BR Suite in Uptown BGC
Sharmaine,4.0,June 18 2023,1BR Suite in Uptown BGC
Bernice,5.0,June 19 2023,Lovely Loft Unit with Golf View
Kim,1.0,March 20 2023,Lovely Loft Unit with Golf View
Kolkma,1.0,January 22 2023,Lovely Loft Unit with Golf View
Rubie,10.0,July 18 2023,Muggle Stay Guest House - Bonifacio Global City Taguig
Pr,8.0,July 12 2023,Muggle Stay Guest House - Bonifacio Global City Taguig
Christopher,9.0,July 05 2023,Muggle Stay Guest House - Bonifacio Global City Taguig
Valle,10.0,July 03 2023,Muggle Stay Guest House - Bonifacio Global City Taguig
My,7.0,July 01 2023,Muggle Stay Guest House - Bonifacio Global City Taguig
Ma.cristina,10.0,June 29 2023,Muggle Stay Guest House - Bonifacio Global City Taguig
Rochyr,7.0,June 28 2023,Muggle Stay Guest House - Bonifacio Global City Taguig
Yen,1.0,June 22 2023,Muggle Stay Guest House - Bonifacio Global City Taguig
Teresa,8.0,June 11 2023,Muggle Stay Guest House - Bonifacio Global City Taguig
Maria,9.0,June 10 2023,Muggle Stay Guest House - Bonifacio Global City Taguig
